[
	{
		"id":1,
		"ctitle": "这是测试案例1",
		"ctype": "word",
		"ctime": "2019-2-1",
		"cdescrible": "简单描述一下",
		"cresource": "这是资源",
		"rfileurl": "资源路径",
		"rfilename": "资源文件名",
		"cstep": "步骤",
		"sfileurl": "步骤文件路径",
		"sfilename": "步骤文件名",
		"username": "150806242"
	},
	{
		"id":2,
		"ctitle": "这是测试案例2",
		"ctype": "excel",
		"ctime": "2019-2-1",
		"cdescrible": "简单描述一下",
		"cresource": "这是资源",
		"rfileurl": "资源路径",
		"rfilename": "资源文件名",
		"cstep": "步骤",
		"sfileurl": "步骤文件路径",
		"sfilename": "步骤文件名",
		"username": "150806242"
	},
	{
		"id":3,
		"ctitle": "这是测试案例3",
		"ctype": "ppt",
		"ctime": "2019-2-1",
		"cdescrible": "简单描述一下",
		"cresource": "这是资源",
		"rfileurl": "资源路径",
		"rfilename": "资源文件名",
		"cstep": "步骤",
		"sfileurl": "步骤文件路径",
		"sfilename": "步骤文件名",
		"username": "150806242"
	},
	{
		"id":4,
		"ctitle": "这是测试案例4",
		"ctype": "windows",
		"ctime": "2019-2-1",
		"cdescrible": "简单描述一下",
		"cresource": "这是资源",
		"rfileurl": "资源路径",
		"rfilename": "资源文件名",
		"cstep": "步骤",
		"sfileurl": "步骤文件路径",
		"sfilename": "步骤文件名",
		"username": "150806242"
	},
	{
		"id":5,
		"ctitle": "这是测试案例5",
		"ctype": "internet",
		"ctime": "2019-2-1",
		"cdescrible": "简单描述一下",
		"cresource": "这是资源",
		"rfileurl": "资源路径",
		"rfilename": "资源文件名",
		"cstep": "步骤",
		"sfileurl": "步骤文件路径",
		"sfilename": "步骤文件名",
		"username": "150806242"
	},
	{
		"id":6,
		"ctitle": "这是测试案例6",
		"ctype": "其他",
		"ctime": "2019-2-1",
		"cdescrible": "简单描述一下",
		"cresource": "这是资源",
		"rfileurl": "资源路径",
		"rfilename": "资源文件名",
		"cstep": "步骤",
		"sfileurl": "步骤文件路径",
		"sfilename": "步骤文件名",
		"username": "150806242"
	}
]
